UserID,Sex,Age,Loc
5515365542,Male,19,Ubud
3046734794,Male,24,Maba
4379787346,Male,81,Boston
2082744124,Male,49,Boljevac
8173259526,Female,25,Municipio de Copacabana
9719015217,Male,79,Hadano
7874965620,Male,20,Araguaína
3995388310,Male,25,Danyang
4338643625,Female,82,Nanggewer
8880553437,Male,64,Orlando
5022197685,Female,25,Hubei
5314290758,Male,3,Thawi Watthana
6427049437,Male,50,Sembalunbumbung
8790640837,Female,49,Soissons
4287387570,Female,50,Sukorejo
4920907362,Female,17,Oetuke
6008857623,Female,64,Miryang
4706696372,Male,90,Qikeshu
8537395803,Female,28,Nowe Brzesko
5195777713,Female,15,Bantilan
6427172891,Female,12,Krajan Waturoyo
8883111222,Male,63,La Viña
4401803043,Female,31,Charlesland
2980586455,Male,9,Kadyy
9053190546,Female,92,Daxi
